,Player,Team,POS,RUSH_ATT,RUSH_YD,RUSH_TD,REC,REC_YD,REC_TD,FL,PASS_ATT,CMP,PASS_YD,PASS_TD,INTS
1,Jonathan Taylor,IND,RB,323.9,"1,618.7",13.6,42.6,363.6,1.7,2.7,0.0,0.0,0,0.0,0.0
2,Austin Ekeler,LAC,RB,220.2,945.2,9.4,74.5,687.4,5.6,2.3,0.0,0.0,0,0.0,0.0
3,Derrick Henry,TEN,RB,377.7,"1,572.4",11.6,30.3,227.3,0.4,2.6,0.0,0.0,0,0.0,0.0
4,Dalvin Cook,MIN,RB,295.3,"1,271.9",9.9,47.9,374.9,1.1,2.8,0.0,0.0,0,0.0,0.0
5,Joe Mixon,CIN,RB,279.3,"1,112.5",10.6,46.4,312.0,2.6,2.0,0.0,0.0,0,0.0,0.0
6,James Conner,ARI,RB,248.3,952.3,12.1,46.2,382.2,2.4,2.1,0.0,0.0,0,0.0,0.0
7,Najee Harris,PIT,RB,296.2,"1,095.5",8.1,64.8,416.1,2.4,2.4,0.0,0.0,0,0.0,0.0
8,Christian McCaffrey,CAR,RB,214.6,885.5,5.6,85.7,676.8,2.6,2.0,0.0,0.0,0,0.0,0.0
9,Alvin Kamara,NO,RB,228.0,860.7,5.9,61.3,562.6,4.4,1.9,0.0,0.0,0,0.0,0.0
10,David Montgomery,CHI,RB,272.9,"1,070.7",8.4,47.3,356.5,1.4,2.0,0.0,0.0,0,0.0,0.0
11,Leonard Fournette,TB,RB,208.6,849.5,8.6,70.0,464.9,1.7,1.9,0.0,0.0,0,0.0,0.0
12,D'Andre Swift,DET,RB,203.9,843.0,6.5,67.3,501.4,2.8,2.2,0.0,0.0,0,0.0,0.0
13,Antonio Gibson,WAS,RB,237.6,985.9,8.0,39.7,280.7,2.2,2.4,0.0,0.0,0,0.0,0.0
14,Nick Chubb,CLE,RB,242.3,"1,175.1",6.7,25.5,218.0,1.0,2.0,0.0,0.0,0,0.0,0.0
15,Josh Jacobs,LV,RB,243.5,978.4,9.1,39.4,282.9,0.5,2.0,0.0,0.0,0,0.0,0.0
16,Cam Akers,LAR,RB,259.4,"1,066.3",6.5,38.3,319.0,1.3,3.4,0.0,0.0,0,0.0,0.0
17,Javonte Williams,DEN,RB,218.5,962.3,6.3,43.7,322.0,2.5,1.5,0.0,0.0,0,0.0,0.0
18,Aaron Jones,GB,RB,177.1,782.1,5.3,57.7,486.9,3.6,1.5,0.0,0.0,0,0.0,0.0
19,J.K. Dobbins,BAL,RB,193.8,920.7,9.3,35.5,259.2,0.7,1.5,0.0,0.0,0,0.0,0.0
20,Elijah Mitchell,SF,RB,279.1,"1,130.6",6.3,20.1,141.6,1.0,1.8,0.0,0.0,0,0.0,0.0
21,Saquon Barkley,NYG,RB,222.0,839.0,5.2,55.2,392.4,2.5,2.0,0.0,0.0,0,0.0,0.0
22,Breece Hall,NYJ,RB,196.0,897.5,6.1,37.8,322.1,1.7,2.0,0.0,0.0,0,0.0,0.0
23,Ezekiel Elliott,DAL,RB,216.5,867.6,8.0,35.0,232.7,1.5,1.5,0.0,0.0,0,0.0,0.0
24,Damien Harris,NE,RB,206.5,898.8,9.3,17.6,124.7,0.3,1.4,0.0,0.0,0,0.0,0.0
25,Miles Sanders,PHI,RB,211.1,"1,037.4",4.1,33.2,254.8,1.2,2.0,0.0,0.0,0,0.0,0.0
26,Devin Singletary,BUF,RB,195.4,877.7,7.3,31.8,205.1,1.0,1.7,0.0,0.0,0,0.0,0.0
27,Travis Etienne Jr.,JAC,RB,176.2,758.0,5.5,41.0,333.9,1.4,2.0,0.0,0.0,0,0.0,0.0
28,Clyde Edwards-Helaire,KC,RB,172.7,749.5,5.2,39.4,289.7,2.2,1.4,0.0,0.0,0,0.0,0.0
29,Cordarrelle Patterson,ATL,RB,146.6,568.7,3.8,48.5,446.7,3.2,1.4,0.0,0.0,0,0.0,0.0
30,Tony Pollard,DAL,RB,162.5,781.8,3.3,46.9,369.7,1.3,1.9,0.0,0.0,0,0.0,0.0
31,Kareem Hunt,CLE,RB,132.8,588.0,5.2,45.5,376.2,2.2,1.2,0.0,0.0,0,0.0,0.0
32,Michael Carter,NYJ,RB,144.7,666.5,4.1,42.9,375.2,0.8,1.3,0.0,0.0,0,0.0,0.0
33,Rhamondre Stevenson,NE,RB,172.6,716.8,5.6,25.3,198.0,0.5,1.4,0.0,0.0,0,0.0,0.0
34,Rashaad Penny,SEA,RB,158.0,792.1,5.2,17.3,132.8,0.4,1.2,0.0,0.0,0,0.0,0.0
35,AJ Dillon,GB,RB,168.6,696.0,4.6,27.7,229.3,1.0,1.4,0.0,0.0,0,0.0,0.0
36,Chase Edmonds,MIA,RB,150.5,624.0,3.1,51.4,357.6,1.4,1.3,0.0,0.0,0,0.0,0.0
37,Kenneth Walker III,SEA,RB,151.5,667.7,4.0,25.7,213.7,0.9,1.8,0.0,0.0,0,0.0,0.0
38,J.D. McKissic,WAS,RB,89.4,402.5,3.3,55.9,453.5,1.7,1.2,0.0,0.0,0,0.0,0.0
39,James Robinson,JAC,RB,144.5,613.4,5.5,23.2,169.1,0.8,1.4,0.0,0.0,0,0.0,0.0
40,Raheem Mostert,MIA,RB,139.1,651.3,4.8,16.3,133.5,0.8,0.9,0.0,0.0,0,0.0,0.0
41,Gus Edwards,BAL,RB,155.2,694.4,3.9,17.0,150.8,0.3,1.3,0.0,0.0,0,0.0,0.0
42,Ronald Jones II,KC,RB,140.6,622.9,4.6,23.2,166.6,0.5,1.4,0.0,0.0,0,0.0,0.0
43,Jamaal Williams,DET,RB,154.0,618.7,3.8,25.0,148.8,0.8,1.2,0.0,0.0,0,0.0,0.0
44,James Cook,BUF,RB,99.7,443.6,3.4,29.9,244.1,1.4,1.3,0.0,0.0,0,0.0,0.0
45,Tyler Allgeier,ATL,RB,130.9,473.6,3.1,31.0,243.4,1.3,1.7,0.0,0.0,0,0.0,0.0
46,Isaiah Spiller,LAC,RB,123.2,531.2,3.9,18.1,132.9,0.8,0.6,0.0,0.0,0,0.0,0.0
47,Alexander Mattison,MIN,RB,128.5,509.8,3.3,24.9,184.2,0.9,1.2,0.0,0.0,0,0.0,0.0
48,Darrell Henderson Jr.,LAR,RB,111.6,457.0,3.6,22.3,167.0,1.7,1.1,0.0,0.0,0,0.0,0.0
49,Marlon Mack,HOU,RB,152.8,603.2,3.9,12.1,77.0,0.2,0.8,0.0,0.0,0,0.0,0.0
50,Kenneth Gainwell,PHI,RB,83.4,349.6,4.2,29.2,231.3,1.6,1.3,0.0,0.0,0,0.0,0.0
51,Nyheim Hines,IND,RB,68.3,309.3,1.9,48.1,373.5,1.9,2.4,0.0,0.0,0,0.0,0.0
52,Kenyan Drake,LV,RB,88.6,364.6,3.0,29.5,250.0,1.1,1.3,0.0,0.0,0,0.0,0.0
53,Dameon Pierce,HOU,RB,115.5,497.3,2.9,18.4,133.4,0.6,0.5,0.0,0.0,0,0.0,0.0
54,Mark Ingram II,NO,RB,128.6,444.7,3.3,23.7,161.2,0.8,1.3,0.0,0.0,0,0.0,0.0
55,Damien Williams,ATL,RB,85.8,374.7,2.5,24.3,190.6,1.3,0.3,0.0,0.0,0,0.0,0.0
56,Rex Burkhead,HOU,RB,80.6,293.1,2.5,33.2,265.0,1.4,0.7,0.0,0.0,0,0.0,0.0
57,Ke'Shawn Vaughn,TB,RB,109.1,431.5,4.5,12.2,78.6,0.2,0.8,0.0,0.0,0,0.0,0.0
58,James White,NE,RB,35.7,154.0,1.4,47.5,393.7,2.2,0.2,0.0,0.0,0,0.0,0.0
59,Eno Benjamin,ARI,RB,87.9,373.5,2.9,21.8,158.6,0.7,0.4,0.0,0.0,0,0.0,0.0
60,Brandon Bolden,LV,RB,49.0,224.0,1.0,33.0,330.0,1.0,1.0,0.0,0.0,0,0.0,0.0
61,Samaje Perine,CIN,RB,83.0,342.9,2.0,17.5,125.4,0.9,0.6,0.0,0.0,0,0.0,0.0
62,Dontrell Hilliard,TEN,RB,57.7,291.7,2.2,32.3,194.0,0.5,1.3,0.0,0.0,0,0.0,0.0
63,Matt Breida,NYG,RB,86.5,358.5,1.8,14.8,113.8,1.3,1.7,0.0,0.0,0,0.0,0.0
64,Chuba Hubbard,CAR,RB,93.9,318.8,2.3,15.9,110.5,0.7,0.6,0.0,0.0,0,0.0,0.0
65,Ty Johnson,NYJ,RB,44.7,214.5,1.1,21.4,208.4,1.1,1.0,0.0,0.0,0,0.0,0.0
66,Royce Freeman,HOU,RB,92.0,277.0,2.0,21.0,143.0,0.0,1.0,0.0,0.0,0,0.0,0.0
67,Khalil Herbert,CHI,RB,66.4,280.3,1.6,13.3,95.6,0.3,0.7,0.0,0.0,0,0.0,0.0
68,Duke Johnson Jr.,BUF,RB,48.7,233.5,1.9,11.5,105.0,0.6,0.5,0.0,0.0,0,0.0,0.0
69,Chris Carson,SEA,RB,56.0,245.8,1.7,13.9,90.5,0.3,0.4,0.0,0.0,0,0.0,0.0
70,D'Onta Foreman,CAR,RB,69.6,273.3,1.7,6.3,59.0,0.1,0.7,0.0,0.0,0,0.0,0.0
71,Craig Reynolds,DET,RB,49.8,216.0,0.8,16.6,126.3,0.7,0.6,0.0,0.0,0,0.0,0.0
72,Myles Gaskin,MIA,RB,62.1,246.8,1.7,8.7,53.6,0.4,0.3,0.0,0.0,0,0.0,0.0
73,Kyle Juszczyk,SF,RB,10.4,37.2,0.7,26.2,236.4,1.7,0.1,0.0,0.0,0,0.0,0.0
74,Boston Scott,PHI,RB,49.7,220.2,2.4,5.8,42.4,0.2,0.2,0.0,0.0,0,0.0,0.0
75,Giovani Bernard,TB,RB,36.4,143.6,1.3,19.6,132.2,0.9,0.2,0.0,0.0,0,0.0,0.0
76,Jaret Patterson,WAS,RB,62.3,245.0,1.7,9.4,69.8,0.1,1.0,0.0,0.0,0,0.0,0.0
77,Brian Robinson Jr.,WAS,RB,49.0,206.1,1.9,6.0,46.3,0.2,0.1,0.0,0.0,0,0.0,0.0
78,Dare Ogunbowale,HOU,RB,53.1,175.1,1.2,12.0,97.7,0.6,0.5,0.0,0.0,0,0.0,0.0
79,Zamir White,LV,RB,49.9,208.7,1.8,4.1,30.5,0.2,0.2,0.0,0.0,0,0.0,0.0
80,Snoop Conner,JAC,RB,40.7,170.1,1.3,10.9,81.0,0.4,0.2,0.0,0.0,0,0.0,0.0
81,Benny Snell Jr.,PIT,RB,54.5,211.9,1.6,4.3,29.7,0.1,0.3,0.0,0.0,0,0.0,0.0
82,Gary Brightwell,NYG,RB,39.5,170.7,1.4,8.7,61.2,0.3,0.2,0.0,0.0,0,0.0,0.0
83,Joshua Kelley,LAC,RB,69.7,230.2,1.5,5.2,36.0,0.0,1.6,0.0,0.0,0,0.0,0.0
84,Chris Evans,CIN,RB,28.2,119.0,0.6,14.2,118.4,1.0,0.6,0.0,0.0,0,0.0,0.0
85,Hassan Haskins,TEN,RB,40.1,170.1,1.1,7.0,53.3,0.2,0.1,0.0,0.0,0,0.0,0.0
86,Deon Jackson,IND,RB,36.8,158.6,1.3,5.7,41.3,0.3,0.2,0.0,0.0,0,0.0,0.0
87,Ameer Abdullah,LV,RB,21.8,77.4,0.3,17.9,141.3,0.8,0.1,0.0,0.0,0,0.0,0.0
88,Jermar Jefferson,DET,RB,29.0,128.0,2.0,4.0,26.0,0.0,0.0,0.0,0.0,0,0.0,0.0
89,Josh Adams,NO,RB,36.0,148.0,2.0,1.0,4.0,0.0,0.0,0.0,0.0,0,0.0,0.0
90,Tyler Badie,BAL,RB,36.0,167.0,1.0,4.0,35.0,0.0,0.0,0.0,0.0,0,0.0,0.0
91,Jeff Wilson Jr.,SF,RB,33.4,137.5,1.2,3.3,25.8,0.2,0.2,0.0,0.0,0,0.0,0.0
92,Tevin Coleman,NYJ,RB,37.6,162.1,0.6,8.5,48.7,0.1,0.5,0.0,0.0,0,0.0,0.0
93,Derrick Gore,KC,RB,27.0,122.7,1.0,5.3,42.3,0.2,0.1,0.0,0.0,0,0.0,0.0
94,Isaih Pacheco,KC,RB,30.0,131.0,1.0,5.0,44.0,0.0,0.0,0.0,0.0,0,0.0,0.0
95,D'Ernest Johnson,CLE,RB,28.3,139.0,0.8,4.0,28.1,0.1,0.1,0.0,0.0,0,0.0,0.0
96,Tony Jones Jr.,NO,RB,25.6,105.9,0.7,7.4,55.0,0.3,0.1,0.0,0.0,0,0.0,0.0
97,Mike Boone,DEN,RB,20.3,112.2,1.2,3.0,22.2,0.1,0.0,0.0,0.0,0,0.0,0.0
98,Rachaad White,TB,RB,26.7,114.1,0.9,4.6,34.3,0.2,0.1,0.0,0.0,0,0.0,0.0
99,Trey Sermon,SF,RB,34.0,138.0,1.0,1.0,12.0,0.0,0.0,0.0,0.0,0,0.0,0.0
100,Tory Carter,TEN,RB,18.0,78.0,1.0,10.0,70.0,0.0,0.0,0.0,0.0,0,0.0,0.0
101,Demetric Felton Jr.,CLE,RB,7.1,27.4,0.1,9.9,101.2,1.1,0.0,0.0,0.0,0,0.0,0.0
102,Rico Dowdle,DAL,RB,24.4,100.1,0.8,5.4,40.8,0.2,0.0,0.0,0.0,0,0.0,0.0
103,Travis Homer,SEA,RB,17.7,102.6,0.6,5.5,49.3,0.0,0.0,0.0,0.0,0,0.0,0.0
104,Tyrion Davis-Price,SF,RB,26.3,105.9,0.8,3.7,31.0,0.1,0.0,0.0,0.0,0,0.0,0.0
105,Antonio Williams,NYG,RB,22.0,100.7,0.8,3.6,27.3,0.1,0.0,0.0,0.0,0,0.0,0.0
106,Pierre Strong Jr.,NE,RB,23.7,96.5,0.7,4.0,31.5,0.1,0.0,0.0,0.0,0,0.0,0.0
107,Patrick Ricard,BAL,RB,1.5,2.0,0.0,13.9,97.8,1.2,0.0,0.0,0.0,0,0.0,0.0
108,JaMycal Hasty,SF,RB,14.3,54.9,0.6,11.7,79.3,0.2,0.6,0.0,0.0,0,0.0,0.0
109,Ty'Son Williams,BAL,RB,22.4,104.6,0.7,2.9,21.9,0.0,0.0,0.0,0.0,0,0.0,0.0
110,Johnny Stanton,CLE,RB,10.1,41.0,0.0,8.0,54.6,1.1,0.0,0.0,0.0,0,0.0,0.0
111,Alex Armah Jr.,WAS,RB,9.0,30.0,0.0,4.0,9.0,2.0,0.0,0.0,0.0,0,0.0,0.0
112,Trestan Ebner,CHI,RB,21.8,88.9,0.7,3.0,23.4,0.0,0.0,0.0,0.0,0,0.0,0.0
113,Darrynton Evans,CHI,RB,15.5,66.7,0.5,5.7,40.3,0.2,0.1,0.0,0.0,0,0.0,0.0
114,Jake Funk,LAR,RB,20.1,85.5,0.7,2.1,15.3,0.1,0.1,0.0,0.0,0,0.0,0.0
115,Kene Nwangwu,MIN,RB,16.8,72.6,0.6,4.3,30.6,0.2,0.1,0.0,0.0,0,0.0,0.0
116,Kevin Harris,NE,RB,19.6,79.2,0.6,3.0,24.2,0.0,0.0,0.0,0.0,0,0.0,0.0
117,Keaontay Ingram,ARI,RB,19.0,73.3,0.6,3.0,26.9,0.0,0.0,0.0,0.0,0,0.0,0.0
118,Jerome Ford,CLE,RB,17.0,81.7,0.5,2.0,18.5,0.0,0.0,0.0,0.0,0,0.0,0.0
119,Anthony McFarland Jr.,PIT,RB,19.0,79.7,0.5,2.0,14.3,0.1,0.1,0.0,0.0,0,0.0,0.0
120,Qadree Ollison,ATL,RB,14.7,60.9,0.4,3.7,25.5,0.1,0.1,0.0,0.0,0,0.0,0.0
121,Keith Smith,ATL,RB,7.7,32.0,0.2,8.0,57.6,0.3,0.1,0.0,0.0,0,0.0,0.0
122,Justice Hill,BAL,RB,9.3,39.7,0.3,5.8,43.1,0.2,0.1,0.0,0.0,0,0.0,0.0
123,DeeJay Dallas,SEA,RB,11.2,47.0,0.4,6.3,39.7,0.1,0.1,0.0,0.0,0,0.0,0.0
124,Godwin Igwebuike,DET,RB,11.9,52.4,0.4,3.9,28.7,0.1,0.1,0.0,0.0,0,0.0,0.0
125,Jason Huntley,PHI,RB,12.9,55.0,0.4,3.5,24.2,0.1,0.1,0.0,0.0,0,0.0,0.0
126,Salvon Ahmed,MIA,RB,11.3,47.4,0.3,4.1,30.9,0.2,0.0,0.0,0.0,0,0.0,0.0
127,JaQuan Hardy,DAL,RB,12.6,54.5,0.5,2.2,16.1,0.1,0.1,0.0,0.0,0,0.0,0.0
128,Kylin Hill,GB,RB,11.4,49.2,0.3,2.0,14.9,0.1,0.1,0.0,0.0,0,0.0,0.0
129,C.J. Ham,MIN,RB,0.0,0.0,0.0,8.6,63.2,0.4,0.0,0.0,0.0,0,0.0,0.0
130,Dwayne Washington,NO,RB,8.4,36.4,0.2,3.7,27.0,0.1,0.0,0.0,0.0,0,0.0,0.0
131,Adam Prentice,NO,RB,4.4,18.8,0.1,3.9,29.7,0.3,0.0,0.0,0.0,0,0.0,0.0
132,Jakob Johnson,LV,RB,4.1,17.0,0.1,4.3,32.1,0.3,0.1,0.0,0.0,0,0.0,0.0
133,Trey Edmunds,PIT,RB,7.4,31.4,0.2,2.1,14.3,0.1,0.0,0.0,0.0,0,0.0,0.0
134,Jason Cabinda,DET,RB,2.1,9.1,0.1,4.1,31.2,0.2,0.0,0.0,0.0,0,0.0,0.0
135,Zack Moss,BUF,RB,7.5,30.6,0.3,0.0,0.0,0.0,0.0,0.0,0.0,0,0.0,0.0
136,Michael Burton,KC,RB,7.1,29.8,0.3,0.0,0.0,0.0,0.0,0.0,0.0,0,0.0,0.0
137,Giovanni Ricci,CAR,RB,0.0,0.0,0.0,4.3,31.9,0.3,0.0,0.0,0.0,0,0.0,0.0
138,Alec Ingold,MIA,RB,0.0,0.0,0.0,4.5,32.3,0.3,0.0,0.0,0.0,0,0.0,0.0
139,Reggie Gilliam,BUF,RB,0.0,0.0,0.0,4.4,32.5,0.2,0.0,0.0,0.0,0,0.0,0.0
140,Larry Rountree III,LAC,RB,4.1,17.0,0.2,2.2,15.4,0.1,0.0,0.0,0.0,0,0.0,0.0
141,Trenton Cannon,TEN,RB,4.5,19.1,0.1,1.9,14.5,0.1,0.0,0.0,0.0,0,0.0,0.0
142,Trevon Wesco,NYJ,RB,0.0,0.0,0.0,4.2,31.4,0.2,0.0,0.0,0.0,0,0.0,0.0
143,Patrick Taylor Jr.,GB,RB,3.8,16.3,0.1,2.1,14.8,0.1,0.0,0.0,0.0,0,0.0,0.0
144,Khari Blasingame,CHI,RB,0.0,0.0,0.0,4.0,29.6,0.2,0.0,0.0,0.0,0,0.0,0.0
145,Derek Watt,PIT,RB,0.0,0.0,0.0,4.3,30.8,0.2,0.0,0.0,0.0,0,0.0,0.0
146,Ryquell Armstead,JAC,RB,4.0,17.0,0.1,1.5,11.6,0.1,0.0,0.0,0.0,0,0.0,0.0
147,Trayveon Williams,CIN,RB,0.0,0.0,0.0,4.0,28.2,0.2,0.0,0.0,0.0,0,0.0,0.0
148,Gabe Nabers,LAC,RB,4.3,18.4,0.2,0.0,0.0,0.0,0.0,0.0,0.0,0,0.0,0.0
149,Ty Chandler,MIN,RB,4.0,16.7,0.1,0.0,0.0,0.0,0.0,0.0,0.0,0,0.0,0.0
150,0,0,RB,0.0,0,0.0,0.0,0,0.0,0.0,0.0,0.0,0,0.0,0.0
151,0,0,RB,0.0,0,0.0,0.0,0,0.0,0.0,0.0,0.0,0,0.0,0.0
1,Cooper Kupp,LAR,WR,4.1,20.8,0.1,123.7,"1,569.3",11.9,0.8,0.0,0.0,0,0.0,0.0
2,Deebo Samuel,SF,WR,78.6,460.9,5.5,69.9,"1,115.5",4.7,1.7,0.0,0.0,0,0.0,0.0
3,Justin Jefferson,MIN,WR,4.6,17.4,0.1,101.5,"1,511.9",8.5,0.8,0.0,0.0,0,0.0,0.0
4,Ja'Marr Chase,CIN,WR,12.3,60.6,0.3,88.7,"1,377.5",9.8,0.9,0.0,0.0,0,0.0,0.0
5,Stefon Diggs,BUF,WR,0.5,4.5,0.0,102.3,"1,295.4",8.9,0.8,0.0,0.0,0,0.0,0.0
6,Davante Adams,LV,WR,0.0,0.0,0.0,110.0,"1,357.6",7.2,0.7,0.0,0.0,0,0.0,0.0
7,Mike Evans,TB,WR,0.5,3.5,0.0,80.3,"1,125.0",10.3,0.7,0.0,0.0,0,0.0,0.0
8,CeeDee Lamb,DAL,WR,9.4,66.8,0.2,89.7,"1,205.1",7.2,0.7,0.0,0.0,0,0.0,0.0
9,Tee Higgins,CIN,WR,0.5,2.0,0.0,84.7,"1,188.7",7.8,0.8,0.0,0.0,0,0.0,0.0
10,A.J. Brown,PHI,WR,1.0,10.5,0.0,75.6,"1,149.9",7.6,0.7,0.0,0.0,0,0.0,0.0
11,Tyreek Hill,MIA,WR,9.5,62.3,0.2,95.1,"1,118.9",7.1,0.8,0.0,0.0,0,0.0,0.0
12,Mike Williams,LAC,WR,0.0,0.0,0.0,71.5,"1,102.4",8.4,0.6,0.0,0.0,0,0.0,0.0
13,Keenan Allen,LAC,WR,0.5,1.0,0.0,105.1,"1,134.3",6.9,0.8,0.0,0.0,0,0.0,0.0
14,Michael Pittman Jr.,IND,WR,4.9,36.5,0.1,89.2,"1,109.8",6.3,0.8,0.0,0.0,0,0.0,0.0
15,Diontae Johnson,PIT,WR,4.5,33.3,0.1,98.3,"1,122.4",6.2,1.5,0.0,0.0,0,0.0,0.0
16,DJ Moore,CAR,WR,7.3,43.8,0.1,86.3,"1,171.1",4.9,0.8,0.0,0.0,0,0.0,0.0
17,Terry McLaurin,WAS,WR,0.5,6.0,0.0,80.8,"1,128.4",6.2,0.7,0.0,0.0,0,0.0,0.0
18,DK Metcalf,SEA,WR,0.5,2.5,0.0,76.6,"1,066.5",7.3,0.8,0.0,0.0,0,0.0,0.0
19,Chris Godwin,TB,WR,4.0,21.6,0.6,92.3,"1,077.9",6.1,1.4,0.0,0.0,0,0.0,0.0
20,Darnell Mooney,CHI,WR,5.1,26.4,0.6,79.3,"1,106.1",5.2,0.7,0.0,0.0,0,0.0,0.0
21,Jaylen Waddle,MIA,WR,5.0,25.3,0.7,95.6,"1,020.6",6.5,0.9,0.0,0.0,0,0.0,0.0
22,Jerry Jeudy,DEN,WR,3.1,13.8,0.1,77.8,"1,121.2",5.3,0.9,0.0,0.0,0,0.0,0.0
23,Gabriel Davis,BUF,WR,0.0,0.0,0.0,54.3,875.3,9.4,0.2,0.0,0.0,0,0.0,0.0
24,Brandin Cooks,HOU,WR,2.9,23.9,0.1,92.2,"1,102.9",5.2,0.7,0.0,0.0,0,0.0,0.0
25,Amari Cooper,CLE,WR,0.5,1.5,0.0,80.5,"1,002.4",7.2,0.8,0.0,0.0,0,0.0,0.0
26,Marquise Brown,ARI,WR,0.5,2.5,0.0,84.6,"1,042.7",6.5,0.9,0.0,0.0,0,0.0,0.0
27,Courtland Sutton,DEN,WR,0.5,1.5,0.0,69.9,"1,033.5",6.4,0.7,0.0,0.0,0,0.0,0.0
28,Adam Thielen,MIN,WR,1.0,3.0,0.0,74.8,831.7,9.3,0.8,0.0,0.0,0,0.0,0.0
29,Tyler Lockett,SEA,WR,2.0,8.0,0.0,83.5,"1,070.6",4.9,0.7,0.0,0.0,0,0.0,0.0
30,Michael Thomas,NO,WR,0.5,-2.0,0.0,87.9,"1,018.1",6.0,0.7,0.0,0.0,0,0.0,0.0
31,Elijah Moore,NYJ,WR,7.0,71.4,1.1,62.1,831.6,6.2,0.8,0.0,0.0,0,0.0,0.0
32,DeVonta Smith,PHI,WR,0.0,0.0,0.0,66.4,933.0,6.9,0.7,0.0,0.0,0,0.0,0.0
33,Amon-Ra St. Brown,DET,WR,9.8,69.9,0.8,83.3,895.5,5.4,0.8,0.0,0.0,0,0.0,0.0
34,Allen Robinson II,LAR,WR,0.0,0.0,0.0,73.0,957.3,5.8,0.7,0.0,0.0,0,0.0,0.0
35,Rashod Bateman,BAL,WR,0.0,0.0,0.0,75.8,990.3,4.8,0.8,0.0,0.0,0,0.0,0.0
36,Michael Gallup,DAL,WR,0.0,0.0,0.0,61.9,897.4,6.1,0.6,0.0,0.0,0,0.0,0.0
37,Hunter Renfrow,LV,WR,3.0,13.0,0.1,81.6,845.5,6.7,1.0,0.0,0.0,0,0.0,0.0
38,Treylon Burks,TEN,WR,5.1,29.1,0.1,61.7,892.2,5.3,1.2,0.0,0.0,0,0.0,0.0
39,JuJu Smith-Schuster,KC,WR,2.5,9.5,1.0,77.8,833.6,5.6,0.8,0.0,0.0,0,0.0,0.0
40,Chase Claypool,PIT,WR,13.4,74.6,0.3,62.1,890.2,3.7,0.7,0.0,0.0,0,0.0,0.0
41,Drake London,ATL,WR,1.0,4.5,0.0,68.8,927.0,4.6,1.2,0.0,0.0,0,0.0,0.0
42,Russell Gage,TB,WR,0.5,2.0,0.0,74.8,830.5,5.9,1.3,0.0,0.0,0,0.0,0.0
43,Tim Patrick,DEN,WR,0.0,0.0,0.0,56.4,777.1,6.5,0.7,0.0,0.0,0,0.0,0.0
44,Brandon Aiyuk,SF,WR,3.7,19.2,0.1,60.8,840.4,4.9,0.8,0.0,0.0,0,0.0,0.0
45,Robert Woods,TEN,WR,11.7,73.6,1.1,66.7,755.0,4.4,0.7,0.0,0.0,0,0.0,0.0
46,Garrett Wilson,NYJ,WR,2.0,12.2,0.0,58.3,852.9,4.8,1.2,0.0,0.0,0,0.0,0.0
47,Christian Kirk,JAC,WR,1.0,9.5,0.0,78.2,892.8,4.0,0.7,0.0,0.0,0,0.0,0.0
48,Chris Olave,NO,WR,1.5,5.5,0.0,54.2,810.4,5.3,0.7,0.0,0.0,0,0.0,0.0
49,Allen Lazard,GB,WR,3.5,27.8,0.1,51.3,665.4,7.2,0.6,0.0,0.0,0,0.0,0.0
50,Marquez Valdes-Scantling,KC,WR,1.4,7.4,0.0,43.3,773.3,5.2,0.1,0.0,0.0,0,0.0,0.0
51,Christian Watson,GB,WR,3.0,17.3,0.1,52.0,758.0,5.5,1.2,0.0,0.0,0,0.0,0.0
52,Marvin Jones Jr.,JAC,WR,0.0,0.0,0.0,62.3,715.0,5.9,0.6,0.0,0.0,0,0.0,0.0
53,Kadarius Toney,NYG,WR,10.0,62.3,0.1,70.3,795.0,3.4,0.8,0.0,0.0,0,0.0,0.0
54,Kenny Golladay,NYG,WR,0.0,0.0,0.0,55.4,810.4,4.2,0.7,0.0,0.0,0,0.0,0.0
55,DeVante Parker,NE,WR,0.0,0.0,0.0,56.2,794.1,4.4,0.7,0.0,0.0,0,0.0,0.0
56,Mecole Hardman,KC,WR,10.3,70.9,0.8,55.0,696.0,4.1,1.3,0.0,0.0,0,0.0,0.0
57,K.J. Osborn,MIN,WR,0.5,4.5,0.0,51.3,678.5,5.9,0.6,0.0,0.0,0,0.0,0.0
58,Robby Anderson,CAR,WR,3.4,23.7,0.1,57.7,715.6,4.8,0.7,0.0,0.0,0,0.0,0.0
59,Alec Pierce,IND,WR,0.0,0.0,0.0,55.0,739.6,4.7,0.3,0.0,0.0,0,0.0,0.0
60,Jakobi Meyers,NE,WR,0.5,4.5,0.0,74.9,783.5,3.8,0.8,0.0,0.0,0,0.0,0.0
61,Jahan Dotson,WAS,WR,1.0,5.0,0.0,53.1,746.1,4.4,1.2,0.0,0.0,0,0.0,0.0
62,Tyler Boyd,CIN,WR,2.5,17.6,0.0,66.6,729.9,4.1,0.7,0.0,0.0,0,0.0,0.0
63,Corey Davis,NYJ,WR,0.0,0.0,0.0,51.1,689.9,4.7,0.7,0.0,0.0,0,0.0,0.0
64,Jameson Williams,DET,WR,1.0,5.0,0.0,49.0,690.9,4.4,0.7,0.0,0.0,0,0.0,0.0
65,Van Jefferson,LAR,WR,3.1,25.0,0.1,44.7,656.9,4.1,0.2,0.0,0.0,0,0.0,0.0
66,Skyy Moore,KC,WR,1.0,5.5,0.0,48.7,659.5,4.5,0.7,0.0,0.0,0,0.0,0.0
67,Jalen Tolbert,DAL,WR,1.0,5.5,0.0,47.2,652.1,4.5,0.6,0.0,0.0,0,0.0,0.0
68,John Metchie III,HOU,WR,0.0,0.0,0.0,58.4,710.7,3.5,0.4,0.0,0.0,0,0.0,0.0
69,DeAndre Hopkins,ARI,WR,0.0,1.0,0.0,54.3,623.6,4.8,0.7,0.0,0.0,0,0.0,0.0
70,Joshua Palmer,LAC,WR,0.0,0.0,0.0,51.1,592.2,4.9,0.4,0.0,0.0,0,0.0,0.0
71,D.J. Chark Jr.,DET,WR,0.5,4.0,0.0,40.6,591.3,4.6,0.1,0.0,0.0,0,0.0,0.0
72,Rondale Moore,ARI,WR,23.7,122.7,0.5,63.5,560.9,2.9,0.9,0.0,0.0,0,0.0,0.0
73,George Pickens,PIT,WR,0.0,0.0,0.0,52.4,675.6,3.1,0.3,0.0,0.0,0,0.0,0.0
74,A.J. Green,ARI,WR,0.0,0.0,0.0,44.4,645.2,3.5,0.6,0.0,0.0,0,0.0,0.0
75,Donovan Peoples-Jones,CLE,WR,0.0,0.0,0.0,40.3,657.8,3.2,0.7,0.0,0.0,0,0.0,0.0
76,Curtis Samuel,WAS,WR,17.2,89.5,0.9,45.5,489.7,3.4,0.7,0.0,0.0,0,0.0,0.0
77,Cedrick Wilson Jr.,MIA,WR,1.5,3.5,0.0,49.2,592.5,4.0,0.8,0.0,0.0,0,0.0,0.0
78,Kendrick Bourne,NE,WR,11.1,90.8,0.3,41.7,499.7,3.5,0.6,0.0,0.0,0,0.0,0.0
79,Velus Jones Jr.,CHI,WR,0.0,0.0,0.0,49.6,608.6,3.3,0.3,0.0,0.0,0,0.0,0.0
80,Jamison Crowder,BUF,WR,0.5,2.5,0.0,53.1,536.5,4.4,0.7,0.0,0.0,0,0.0,0.0
81,Nick Westbrook-Ikhine,TEN,WR,0.0,0.0,0.0,42.7,546.6,4.2,0.7,0.0,0.0,0,0.0,0.0
82,James Washington,DAL,WR,1.0,6.5,0.0,32.3,508.0,4.4,0.1,0.0,0.0,0,0.0,0.0
83,Braxton Berrios,NYJ,WR,11.0,71.4,2.3,42.0,420.4,2.6,0.6,0.0,0.0,0,0.0,0.0
84,Randall Cobb,GB,WR,2.0,7.4,0.0,40.1,484.1,4.8,0.7,0.0,0.0,0,0.0,0.0
85,Nico Collins,HOU,WR,0.0,0.0,0.0,42.9,573.1,2.6,0.2,0.0,0.0,0,0.0,0.0
86,Devin Duvernay,BAL,WR,9.3,62.4,0.4,41.5,461.8,3.0,0.4,0.0,0.0,0,0.0,0.0
87,Sammy Watkins,GB,WR,1.5,8.3,0.0,39.6,528.9,3.0,0.7,0.0,0.0,0,0.0,0.0
88,Marquez Callaway,NO,WR,0.0,0.0,0.0,33.9,463.2,3.9,0.1,0.0,0.0,0,0.0,0.0
89,Darius Slayton,NYG,WR,0.5,-5.0,0.0,35.7,507.4,3.2,0.6,0.0,0.0,0,0.0,0.0
90,Anthony Schwartz,CLE,WR,4.3,26.2,0.2,37.3,475.4,3.0,0.3,0.0,0.0,0,0.0,0.0
91,D'Wayne Eskridge,SEA,WR,7.9,52.5,0.3,37.6,462.3,2.6,0.3,0.0,0.0,0,0.0,0.0
92,Sterling Shepard,NYG,WR,2.5,9.5,0.0,55.2,522.9,2.3,0.6,0.0,0.0,0,0.0,0.0
93,Malik Turner,SF,WR,0.0,0.0,0.0,24.0,348.0,5.0,0.0,0.0,0.0,0,0.0,0.0
94,Jauan Jennings,SF,WR,0.0,0.0,0.0,35.9,407.6,4.0,0.1,0.0,0.0,0,0.0,0.0
95,Nelson Agholor,NE,WR,3.7,18.4,0.1,32.4,414.3,2.9,0.1,0.0,0.0,0,0.0,0.0
96,Olamide Zaccheaus,ATL,WR,0.5,1.0,0.0,35.8,436.9,2.9,0.1,0.0,0.0,0,0.0,0.0
97,Zay Jones,JAC,WR,1.0,1.5,0.0,42.6,475.9,2.3,0.6,0.0,0.0,0,0.0,0.0
98,Bryan Edwards,LV,WR,0.0,0.0,0.0,27.3,440.3,2.6,0.1,0.0,0.0,0,0.0,0.0
99,Terrace Marshall Jr.,CAR,WR,0.0,0.0,0.0,38.5,443.1,2.1,0.3,0.0,0.0,0,0.0,0.0
100,Laviska Shenault Jr.,JAC,WR,11.4,48.1,0.1,38.9,400.2,1.5,0.6,0.0,0.0,0,0.0,0.0
101,Tutu Atwell,LAR,WR,0.0,0.0,0.0,30.1,368.7,2.8,0.2,0.0,0.0,0,0.0,0.0
102,Amari Rodgers,GB,WR,1.0,9.5,0.0,30.6,408.8,2.1,0.6,0.0,0.0,0,0.0,0.0
103,Jalen Guyton,LAC,WR,7.8,39.0,0.2,23.9,341.6,2.2,0.1,0.0,0.0,0,0.0,0.0
104,David Bell,CLE,WR,1.0,6.0,0.0,27.9,388.1,2.3,0.6,0.0,0.0,0,0.0,0.0
105,Wan'Dale Robinson,NYG,WR,8.1,49.1,0.4,31.2,340.5,1.7,0.2,0.0,0.0,0,0.0,0.0
106,Byron Pringle,CHI,WR,0.0,0.0,0.0,35.6,390.8,1.9,0.3,0.0,0.0,0,0.0,0.0
107,Chris Conley,HOU,WR,0.0,0.0,0.0,29.0,383.8,1.7,0.3,0.0,0.0,0,0.0,0.0
108,Damiere Byrd,ATL,WR,0.0,1.0,0.0,35.9,405.8,1.5,0.6,0.0,0.0,0,0.0,0.0
109,Noah Brown,DAL,WR,0.0,0.5,0.0,30.8,350.5,2.1,0.1,0.0,0.0,0,0.0,0.0
110,James Proche II,BAL,WR,0.0,0.0,0.0,30.2,358.5,1.9,0.2,0.0,0.0,0,0.0,0.0
111,Deonte Harty,NO,WR,3.5,25.0,0.0,24.4,341.1,1.8,0.5,0.0,0.0,0,0.0,0.0
112,Isaiah McKenzie,BUF,WR,10.0,58.5,0.6,25.2,242.0,1.9,0.2,0.0,0.0,0,0.0,0.0
113,Tylan Wallace,BAL,WR,0.0,0.0,0.0,26.0,320.9,2.2,0.2,0.0,0.0,0,0.0,0.0
114,Danny Gray,SF,WR,1.0,5.5,0.0,22.8,347.7,1.4,0.5,0.0,0.0,0,0.0,0.0
115,Parris Campbell,IND,WR,0.0,0.0,0.0,26.3,325.2,1.6,0.2,0.0,0.0,0,0.0,0.0
116,Breshad Perriman,TB,WR,1.0,1.0,0.0,19.5,300.2,1.9,0.0,0.0,0.0,0,0.0,0.0
117,Quintez Cephus,DET,WR,0.0,0.0,0.0,18.6,253.6,2.6,0.0,0.0,0.0,0,0.0,0.0
118,KJ Hamler,DEN,WR,0.0,0.0,0.0,22.6,298.8,1.9,0.2,0.0,0.0,0,0.0,0.0
119,Zach Pascal,PHI,WR,0.0,0.0,0.0,16.7,202.7,2.1,0.1,0.0,0.0,0,0.0,0.0
120,Romeo Doubs,GB,WR,0.0,0.0,0.0,17.6,213.6,1.9,0.1,0.0,0.0,0,0.0,0.0
121,Tre'Quan Smith,NO,WR,8.8,53.1,0.3,13.7,153.9,1.2,0.2,0.0,0.0,0,0.0,0.0
122,Demarcus Robinson,LV,WR,0.0,0.0,0.0,18.1,207.4,1.4,0.1,0.0,0.0,0,0.0,0.0
123,Tyquan Thornton,NE,WR,0.0,0.0,0.0,17.3,204.4,1.3,0.1,0.0,0.0,0,0.0,0.0
124,Calvin Austin III,PIT,WR,0.0,0.0,0.0,18.2,202.6,1.0,0.1,0.0,0.0,0,0.0,0.0
125,Tyler Johnson,TB,WR,0.0,0.0,0.0,16.1,179.3,1.4,0.1,0.0,0.0,0,0.0,0.0
126,Ashton Dulin,IND,WR,4.7,30.3,0.2,12.6,155.7,1.0,0.1,0.0,0.0,0,0.0,0.0
127,Phillip Dorsett II,HOU,WR,0.0,0.0,0.0,14.5,175.1,1.0,0.1,0.0,0.0,0,0.0,0.0
128,Laquon Treadwell,JAC,WR,0.0,0.0,0.0,14.9,164.6,1.0,0.1,0.0,0.0,0,0.0,0.0
129,Bisi Johnson,MIN,WR,0.0,0.0,0.0,14.5,157.5,1.1,0.1,0.0,0.0,0,0.0,0.0
130,Racey McMath,TEN,WR,0.0,0.0,0.0,13.2,159.9,1.0,0.1,0.0,0.0,0,0.0,0.0
131,Brandon Zylstra,CAR,WR,0.0,0.0,0.0,14.6,168.3,0.7,0.1,0.0,0.0,0,0.0,0.0
132,Dazz Newsome,CHI,WR,0.0,0.0,0.0,13.1,157.1,0.9,0.1,0.0,0.0,0,0.0,0.0
133,KhaDarel Hodge,ATL,WR,0.0,0.0,0.0,12.0,151.3,0.8,0.1,0.0,0.0,0,0.0,0.0
134,Josh Reynolds,DET,WR,0.0,0.0,0.0,9.3,125.0,1.0,0.1,0.0,0.0,0,0.0,0.0
135,Freddie Swain,SEA,WR,2.0,12.0,0.1,10.5,128.3,0.7,0.1,0.0,0.0,0,0.0,0.0
136,Jalen Reagor,PHI,WR,9.1,50.0,0.3,5.6,69.7,0.6,0.2,0.0,0.0,0,0.0,0.0
137,Trent Sherfield,MIA,WR,0.0,0.0,0.0,9.9,118.6,0.9,0.1,0.0,0.0,0,0.0,0.0
138,Antoine Wesley,ARI,WR,0.0,0.0,0.0,9.4,115.0,0.8,0.1,0.0,0.0,0,0.0,0.0
139,Kyle Philips,TEN,WR,0.0,0.0,0.0,9.8,116.4,0.8,0.1,0.0,0.0,0,0.0,0.0
140,Equanimeous St. Brown,CHI,WR,0.0,0.0,0.0,9.0,123.2,0.5,0.1,0.0,0.0,0,0.0,0.0
141,Erik Ezukanma,MIA,WR,0.0,0.0,0.0,9.2,102.5,0.8,0.1,0.0,0.0,0,0.0,0.0
142,Jamal Agnew,JAC,WR,3.9,30.0,0.2,6.9,80.7,0.4,0.1,0.0,0.0,0,0.0,0.0
143,Dyami Brown,WAS,WR,0.0,0.0,0.0,7.9,96.9,0.7,0.1,0.0,0.0,0,0.0,0.0
144,Quez Watkins,PHI,WR,0.0,0.0,0.0,7.9,97.6,0.7,0.1,0.0,0.0,0,0.0,0.0
145,Collin Johnson,NYG,WR,0.0,0.0,0.0,8.8,101.3,0.6,0.1,0.0,0.0,0,0.0,0.0
146,Kalif Raymond,DET,WR,2.1,12.7,0.1,7.2,81.4,0.5,0.1,0.0,0.0,0,0.0,0.0
147,Simi Fehoko,DAL,WR,0.0,0.0,0.0,7.4,86.6,0.7,0.1,0.0,0.0,0,0.0,0.0
148,Ben Skowronek,LAR,WR,0.0,0.0,0.0,6.8,84.2,0.6,0.1,0.0,0.0,0,0.0,0.0
149,Juwann Winfree,GB,WR,0.0,0.0,0.0,6.5,79.2,0.6,0.1,0.0,0.0,0,0.0,0.0
150,Ihmir Smith-Marsette,MIN,WR,0.0,0.0,0.0,6.9,80.1,0.6,0.1,0.0,0.0,0,0.0,0.0
151,Auden Tate,ATL,WR,0.0,0.0,0.0,5.7,72.8,0.5,0.0,0.0,0.0,0,0.0,0.0
152,Chris Moore,HOU,WR,0.0,0.0,0.0,7.8,81.0,0.3,0.0,0.0,0.0,0,0.0,0.0
153,Cody Hollister,TEN,WR,0.0,0.0,0.0,6.0,74.3,0.4,0.0,0.0,0.0,0,0.0,0.0
154,Jakeem Grant Sr.,CLE,WR,2.1,12.7,0.1,4.8,58.6,0.3,0.0,0.0,0.0,0,0.0,0.0
155,DeAndre Carter,LAC,WR,0.0,0.0,0.0,5.4,60.2,0.5,0.1,0.0,0.0,0,0.0,0.0
156,Rashard Higgins,CAR,WR,0.0,0.0,0.0,6.8,72.0,0.3,0.1,0.0,0.0,0,0.0,0.0
157,Trent Taylor,CIN,WR,0.0,0.0,0.0,4.9,57.0,0.5,0.0,0.0,0.0,0,0.0,0.0
158,Kendall Hinton,DEN,WR,0.0,0.0,0.0,5.1,56.4,0.5,0.0,0.0,0.0,0,0.0,0.0
159,Mike Thomas,CIN,WR,0.0,0.0,0.0,4.9,59.0,0.4,0.0,0.0,0.0,0,0.0,0.0
160,Denzel Mims,NYJ,WR,0.0,0.0,0.0,4.3,58.8,0.4,0.0,0.0,0.0,0,0.0,0.0
161,Khalil Shakir,BUF,WR,2.0,12.4,0.1,3.7,42.5,0.4,0.0,0.0,0.0,0,0.0,0.0
162,Mike Strachan,IND,WR,0.0,0.0,0.0,4.8,54.1,0.4,0.0,0.0,0.0,0,0.0,0.0
163,Miles Boykin,PIT,WR,0.0,0.0,0.0,4.8,55.5,0.3,0.0,0.0,0.0,0,0.0,0.0
164,Ray-Ray McCloud,SF,WR,0.0,0.0,0.0,5.7,55.8,0.3,0.0,0.0,0.0,0,0.0,0.0
165,Josh Gordon,KC,WR,0.0,0.0,0.0,3.4,48.1,0.4,0.0,0.0,0.0,0,0.0,0.0
166,Penny Hart,SEA,WR,0.0,0.0,0.0,4.8,56.4,0.3,0.0,0.0,0.0,0,0.0,0.0
167,Jaelon Darden,TB,WR,0.0,0.0,0.0,3.8,45.3,0.4,0.0,0.0,0.0,0,0.0,0.0
168,Cyril Grayson Jr.,TB,WR,0.0,0.0,0.0,3.8,47.1,0.3,0.0,0.0,0.0,0,0.0,0.0
169,Marquez Stevenson,BUF,WR,0.0,0.0,0.0,3.5,39.9,0.4,0.0,0.0,0.0,0,0.0,0.0
170,Brandon Powell,LAR,WR,0.0,0.0,0.0,3.6,40.7,0.3,0.0,0.0,0.0,0,0.0,0.0
171,Jalen Nailor,MIN,WR,0.0,0.0,0.0,3.4,39.2,0.3,0.0,0.0,0.0,0,0.0,0.0
172,Andy Isabella,ARI,WR,0.0,0.0,0.0,3.3,41.0,0.3,0.0,0.0,0.0,0,0.0,0.0
173,Stanley Morgan Jr.,CIN,WR,0.0,0.0,0.0,3.1,39.1,0.3,0.0,0.0,0.0,0,0.0,0.0
174,Cam Sims,WAS,WR,0.0,0.0,0.0,3.1,38.7,0.3,0.0,0.0,0.0,0,0.0,0.0
175,Kawaan Baker,NO,WR,0.0,0.0,0.0,3.1,36.9,0.3,0.0,0.0,0.0,0,0.0,0.0
176,Shi Smith,CAR,WR,0.0,0.0,0.0,3.4,38.6,0.2,0.0,0.0,0.0,0,0.0,0.0
177,Frank Darby,ATL,WR,0.0,0.0,0.0,3.1,36.5,0.2,0.0,0.0,0.0,0,0.0,0.0
178,Isaiah Coulter,CHI,WR,0.0,0.0,0.0,3.0,36.1,0.2,0.0,0.0,0.0,0,0.0,0.0
179,Mack Hollins,LV,WR,0.0,0.0,0.0,1.5,20.2,0.2,0.0,0.0,0.0,0,0.0,0.0
180,Preston Williams,MIA,WR,0.0,0.0,0.0,1.5,19.2,0.2,0.0,0.0,0.0,0,0.0,0.0
181,Jason Moore Jr.,LAC,WR,0.0,0.0,0.0,1.7,21.0,0.2,0.0,0.0,0.0,0,0.0,0.0
182,Seth Williams,DEN,WR,0.0,0.0,0.0,1.7,19.3,0.2,0.0,0.0,0.0,0,0.0,0.0
183,Dax Milne,WAS,WR,0.0,0.0,0.0,1.6,17.8,0.1,0.0,0.0,0.0,0,0.0,0.0
184,Matt Cole,SEA,WR,0.0,0.0,0.0,1.7,18.6,0.1,0.0,0.0,0.0,0,0.0,0.0
185,Dezmon Patmon,IND,WR,0.0,0.0,0.0,1.5,17.9,0.1,0.0,0.0,0.0,0,0.0,0.0
186,Jeff Smith,NYJ,WR,0.0,0.0,0.0,1.5,18.0,0.1,0.0,0.0,0.0,0,0.0,0.0
187,Ty Montgomery,NE,WR,0.0,0.0,0.0,1.7,17.8,0.1,0.0,0.0,0.0,0,0.0,0.0
188,Greg Ward,PHI,WR,0.0,0.0,0.0,1.5,13.2,0.1,0.0,0.0,0.0,0,0.0,0.0
189,0,0,WR,0.0,0,0.0,0.0,0,0.0,0.0,0.0,0.0,0,0.0,0.0
190,0,0,WR,0.0,0,0.0,0.0,0,0.0,0.0,0.0,0.0,0,0.0,0.0
1,Josh Allen,BUF,QB,119.0,721.5,6.1,0.0,0,0.0,3.8,599.6,382.2,"4,356.0",34.7,15.3
2,Patrick Mahomes II,KC,QB,65.8,387.9,2.9,0.0,0,0.0,3.6,639.9,421.8,"4,739.0",34.0,13.0
3,Justin Herbert,LAC,QB,61.7,285.9,3.2,0.0,0,0.0,2.0,631.4,418.6,"4,640.2",33.5,14.2
4,Jalen Hurts,PHI,QB,145.5,778.7,8.6,0.0,0,0.0,3.5,487.4,299.2,"3,545.0",24.5,13.4
5,Lamar Jackson,BAL,QB,165.0,930.7,3.9,0.0,0,0.0,4.4,532.7,348.4,"3,775.2",24.2,14.6
6,Kyler Murray,ARI,QB,102.8,470.5,5.0,0.0,0,0.0,3.0,570.5,386.2,"4,157.4",26.3,14.0
7,Tom Brady,TB,QB,29.0,54.9,2.1,0.0,0,0.0,3.2,674.7,445.8,"4,753.4",34.3,12.9
8,Dak Prescott,DAL,QB,53.5,179.4,2.8,0.0,0,0.0,5.5,617.0,411.4,"4,573.3",32.6,12.7
9,Matthew Stafford,LAR,QB,38.6,70.6,1.8,0.0,0,0.0,2.7,585.5,396.3,"4,593.3",32.6,15.9
10,Joe Burrow,CIN,QB,46.9,150.3,2.6,0.0,0,0.0,2.3,561.6,376.2,"4,376.1",30.3,14.5
11,Aaron Rodgers,GB,QB,35.3,117.3,2.0,0.0,0,0.0,2.1,546.6,366.3,"4,096.3",32.3,7.5
12,Russell Wilson,DEN,QB,63.2,276.1,2.1,0.0,0,0.0,3.1,559.0,361.9,"4,156.0",28.5,9.9
13,Trey Lance,SF,QB,111.2,489.1,4.3,0.0,0,0.0,2.0,482.5,302.6,"3,753.4",23.3,14.8
14,Kirk Cousins,MIN,QB,29.9,104.7,1.1,0.0,0,0.0,3.9,572.3,374.4,"4,244.5",30.2,10.9
15,Derek Carr,LV,QB,34.1,105.5,1.2,0.0,0,0.0,4.9,609.7,412.2,"4,572.2",26.6,15.0
16,Deshaun Watson,CLE,QB,82.9,442.7,5.1,0.0,0,0.0,2.8,417.0,272.7,"3,173.0",21.5,10.4
17,Tua Tagovailoa,MIA,QB,53.0,160.7,3.0,0.0,0,0.0,2.7,565.5,374.7,"3,919.4",24.9,14.3
18,Trevor Lawrence,JAC,QB,71.8,320.5,2.2,0.0,0,0.0,4.1,592.4,375.5,"3,959.3",22.1,14.9
19,Zach Wilson,NYJ,QB,43.2,271.2,2.5,0.0,0,0.0,2.4,582.7,349.7,"3,861.1",23.6,18.7
20,Justin Fields,CHI,QB,99.5,538.8,3.0,0.0,0,0.0,6.7,522.9,327.6,"3,636.8",19.8,18.2
21,Ryan Tannehill,TEN,QB,53.0,248.1,3.6,0.0,0,0.0,3.5,498.2,331.0,"3,552.9",23.7,15.4
22,Carson Wentz,WAS,QB,57.0,202.3,1.5,0.0,0,0.0,4.7,537.8,350.4,"3,764.6",24.6,11.0
23,Matt Ryan,IND,QB,44.5,128.2,1.9,0.0,0,0.0,4.5,515.8,332.2,"3,686.7",26.0,11.6
24,Daniel Jones,NYG,QB,85.3,416.0,2.5,0.0,0,0.0,5.6,544.8,335.5,"3,531.9",19.2,18.3
25,Jameis Winston,NO,QB,68.9,314.6,1.3,0.0,0,0.0,3.5,472.5,295.6,"3,260.9",23.2,12.7
26,Jared Goff,DET,QB,27.2,88.8,1.1,0.0,0,0.0,5.1,564.2,372.6,"3,785.4",24.4,13.0
27,Mac Jones,NE,QB,34.3,110.1,0.7,0.0,0,0.0,2.3,524.0,346.1,"3,772.2",23.7,16.7
28,Davis Mills,HOU,QB,27.8,87.8,0.6,0.0,0,0.0,2.5,562.0,365.3,"3,889.1",20.7,16.6
29,Drew Lock,SEA,QB,37.7,166.8,1.9,0.0,0,0.0,3.0,428.3,275.0,"3,104.8",18.4,10.6
30,Marcus Mariota,ATL,QB,38.9,214.9,1.2,0.0,0,0.0,1.1,429.2,274.4,"2,926.3",15.3,14.8
31,Sam Darnold,CAR,QB,47.4,206.8,2.5,0.0,0,0.0,4.0,468.3,285.8,"2,976.4",14.3,18.2
32,Mitchell Trubisky,PIT,QB,28.2,83.1,0.9,0.0,0,0.0,1.5,382.7,243.8,"2,386.5",14.4,7.7
33,Kenny Pickett,PIT,QB,20.2,74.1,0.6,0.0,0,0.0,1.8,284.6,172.5,"1,780.7",10.0,6.5
34,Taysom Hill,NO,QB,85.0,391.0,4.0,0.0,0,0.0,3.0,124.0,72.0,809.0,4.0,6.0
35,Geno Smith,SEA,QB,18.2,68.0,0.8,0.0,0,0.0,2.0,214.9,139.8,"1,568.5",7.2,4.3
36,Desmond Ridder,ATL,QB,16.2,71.4,0.5,0.0,0,0.0,1.0,141.2,86.8,949.0,5.3,4.0
37,Matt Corral,CAR,QB,13.2,58.2,0.5,0.0,0,0.0,1.0,136.1,82.9,911.0,4.4,3.8
38,Jacoby Brissett,CLE,QB,12.5,45.2,0.6,0.0,0,0.0,1.4,115.9,73.8,784.4,5.0,2.5
39,Teddy Bridgewater,MIA,QB,5.5,20.1,0.2,0.0,0,0.0,0.2,45.9,30.6,328.7,2.1,1.1
40,Tyler Huntley,BAL,QB,11.4,66.2,0.4,0.0,0,0.0,0.3,35.6,22.8,236.0,1.5,1.0
41,Gardner Minshew II,PHI,QB,7.1,34.5,0.1,0.0,0,0.0,0.2,40.3,25.5,292.5,2.0,1.0
42,Tyrod Taylor,NYG,QB,6.8,35.4,0.3,0.0,0,0.0,0.3,43.5,26.5,289.9,1.7,1.4
43,Andy Dalton,NO,QB,4.7,18.2,0.1,0.0,0,0.0,0.2,41.0,26.1,274.5,1.8,1.5
44,Case Keenum,BUF,QB,1.5,7.2,0.0,0.0,0,0.0,0.1,30.2,19.3,218.2,2.0,0.9
45,Chad Henne,KC,QB,2.8,5.6,0.1,0.0,0,0.0,0.2,32.1,20.5,224.4,1.5,0.9
46,Brett Rypien,DEN,QB,1.4,5.4,0.1,0.0,0,0.0,0.2,33.4,19.8,220.4,1.6,1.3
47,Cooper Rush,DAL,QB,3.3,4.6,0.0,0.0,0,0.0,0.1,30.6,18.7,212.3,1.5,0.9
48,Brandon Allen,CIN,QB,2.7,9.9,0.0,0.0,0,0.0,0.1,28.2,18.3,205.6,1.3,0.9
49,Jordan Love,GB,QB,2.9,11.5,0.0,0.0,0,0.0,0.2,27.4,16.0,179.6,1.5,0.6
50,Chase Daniel,LAC,QB,2.7,8.1,0.0,0.0,0,0.0,0.1,30.7,19.0,207.3,1.4,1.1
51,John Wolford,LAR,QB,2.7,11.2,0.0,0.0,0,0.0,0.1,28.5,17.6,195.1,1.3,1.1
52,Colt McCoy,ARI,QB,2.5,9.7,0.0,0.0,0,0.0,0.2,28.7,19.0,201.7,1.2,0.9
53,Josh Johnson,DEN,QB,4.0,18.0,0.0,0.0,0,0.0,0.0,24.0,16.0,172.0,1.0,0.0
54,Jimmy Garoppolo,SF,QB,2.8,10.0,0.0,0.0,0,0.0,0.1,24.4,16.6,197.9,1.2,0.9
55,Kyle Trask,TB,QB,1.3,4.8,0.0,0.0,0,0.0,0.1,28.7,17.4,181.7,1.4,0.6
56,Joe Flacco,NYJ,QB,2.4,11.3,0.0,0.0,0,0.0,0.6,30.2,18.7,207.3,1.3,0.8
57,Nick Mullens,LV,QB,2.2,2.8,0.0,0.0,0,0.0,0.6,30.6,20.5,228.4,1.3,1.1
58,Malik Willis,TEN,QB,2.5,12.0,0.1,0.0,0,0.0,0.1,27.5,17.2,188.1,1.1,0.9
59,C.J. Beathard,JAC,QB,2.8,11.3,0.0,0.0,0,0.0,0.7,28.9,17.8,194.8,1.2,0.4
60,Tim Boyle,DET,QB,2.6,10.2,0.0,0.0,0,0.0,0.1,28.4,17.5,181.9,1.2,1.1
61,Trevor Siemian,CHI,QB,2.0,9.0,0.0,0.0,0,0.0,0.1,28.2,17.3,190.2,1.1,0.8
62,Mason Rudolph,PIT,QB,4.0,13.0,0.0,0.0,0,0.0,0.0,27.0,17.0,159.0,1.0,0.0
63,Taylor Heinicke,WAS,QB,3.4,14.1,0.0,0.0,0,0.0,0.1,23.0,15.0,158.8,1.0,0.4
64,Brian Hoyer,NE,QB,3.1,3.3,0.0,0.0,0,0.0,0.1,26.5,17.1,187.5,1.2,1.1
65,Garrett Gilbert,LV,QB,4.0,15.0,0.0,0.0,0,0.0,0.0,26.0,14.0,162.0,1.0,1.0
66,Kellen Mond,MIN,QB,1.2,5.0,0.0,0.0,0,0.0,0.1,26.1,15.3,156.9,1.2,0.6
67,Kyle Allen,HOU,QB,1.7,6.6,0.0,0.0,0,0.0,0.7,28.4,18.0,196.3,1.1,0.9
68,Sean Mannion,MIN,QB,5.0,18.0,0.0,0.0,0,0.0,0.0,24.0,13.0,151.0,1.0,1.0
69,Sam Ehlinger,IND,QB,2.6,7.8,0.0,0.0,0,0.0,0.1,21.0,12.1,134.4,1.1,0.5
70,Mike White,NYJ,QB,4.0,4.0,0.0,0.0,0,0.0,0.0,25.0,14.0,159.0,1.0,1.0
71,Ian Book,NO,QB,5.0,14.0,0.0,0.0,0,0.0,0.0,20.0,10.0,112.0,1.0,1.0
72,Sam Howell,WAS,QB,0.3,1.0,0.0,0.0,0,0.0,0.1,7.7,4.7,51.0,0.3,0.3
73,Joshua Dobbs,CLE,QB,0.1,0.6,0.0,0.0,0,0.0,0.0,3.3,2.0,21.9,0.1,0.1
74,0,0,QB,0.0,0,0.0,0.0,0,0.0,0.0,0.0,0.0,0,0.0,0.0
75,0,0,QB,0.0,0,0.0,0.0,0,0.0,0.0,0.0,0.0,0,0.0,0.0
1,Travis Kelce,KC,TE,0.0,0,0.0,104.5,"1,230.4",8.7,0.8,0.0,0.0,0,0.0,0.0
2,Mark Andrews,BAL,TE,0.0,0,0.0,91.4,"1,132.2",9.3,0.8,0.0,0.0,0,0.0,0.0
3,Darren Waller,LV,TE,0.0,0,0.0,81.5,994.0,4.8,0.7,0.0,0.0,0,0.0,0.0
4,George Kittle,SF,TE,0.0,0,0.0,74.9,956.2,5.4,0.8,0.0,0.0,0,0.0,0.0
5,Kyle Pitts,ATL,TE,0.0,0,0.0,74.0,983.4,4.0,0.7,0.0,0.0,0,0.0,0.0
6,Dalton Schultz,DAL,TE,0.0,0,0.0,76.4,756.0,6.1,0.7,0.0,0.0,0,0.0,0.0
7,Dallas Goedert,PHI,TE,0.0,0,0.0,61.8,811.0,5.0,0.7,0.0,0.0,0,0.0,0.0
8,T.J. Hockenson,DET,TE,0.0,0,0.0,66.9,680.1,5.6,0.7,0.0,0.0,0,0.0,0.0
9,Zach Ertz,ARI,TE,0.0,0,0.0,66.3,684.7,5.3,0.6,0.0,0.0,0,0.0,0.0
10,Mike Gesicki,MIA,TE,0.0,0,0.0,62.8,709.2,4.3,0.6,0.0,0.0,0,0.0,0.0
11,Dawson Knox,BUF,TE,0.0,0,0.0,44.6,540.9,6.3,0.1,0.0,0.0,0,0.0,0.0
12,David Njoku,CLE,TE,0.0,0,0.0,46.4,589.0,5.3,0.1,0.0,0.0,0,0.0,0.0
13,Hunter Henry,NE,TE,0.0,0,0.0,49.3,540.2,6.0,0.1,0.0,0.0,0,0.0,0.0
14,Noah Fant,SEA,TE,0.0,0,0.0,61.8,645.6,4.0,0.6,0.0,0.0,0,0.0,0.0
15,Pat Freiermuth,PIT,TE,0.0,0,0.0,63.4,540.6,5.7,0.7,0.0,0.0,0,0.0,0.0
16,Gerald Everett,LAC,TE,0.0,0,0.0,59.1,587.5,4.7,1.3,0.0,0.0,0,0.0,0.0
17,Logan Thomas,WAS,TE,0.0,0,0.0,48.7,519.1,5.5,0.6,0.0,0.0,0,0.0,0.0
18,Tyler Higbee,LAR,TE,0.0,0,0.0,58.7,576.2,4.3,0.7,0.0,0.0,0,0.0,0.0
19,Cole Kmet,CHI,TE,0.0,0,0.0,57.3,612.7,3.3,0.7,0.0,0.0,0,0.0,0.0
20,Irv Smith Jr.,MIN,TE,0.0,0,0.0,50.1,502.2,5.0,0.2,0.0,0.0,0,0.0,0.0
21,Austin Hooper,TEN,TE,0.0,0,0.0,54.5,504.4,5.0,0.6,0.0,0.0,0,0.0,0.0
22,Albert Okwuegbunam,DEN,TE,0.0,0,0.0,49.6,506.7,4.4,0.7,0.0,0.0,0,0.0,0.0
23,Evan Engram,JAC,TE,0.0,0,0.0,53.4,563.2,3.3,0.7,0.0,0.0,0,0.0,0.0
24,Robert Tonyan,GB,TE,0.0,0,0.0,44.5,476.3,4.4,0.1,0.0,0.0,0,0.0,0.0
25,Hayden Hurst,CIN,TE,0.0,0,0.0,42.8,431.9,4.3,0.7,0.0,0.0,0,0.0,0.0
26,Mo Alie-Cox,IND,TE,0.0,0,0.0,30.5,394.8,4.0,0.1,0.0,0.0,0,0.0,0.0
27,Brevin Jordan,HOU,TE,0.0,0,0.0,43.0,428.6,3.5,0.2,0.0,0.0,0,0.0,0.0
28,C.J. Uzomah,NYJ,TE,0.0,0,0.0,46.8,426.9,3.3,0.1,0.0,0.0,0,0.0,0.0
29,Cameron Brate,TB,TE,0.0,0,0.0,37.8,357.1,3.7,0.2,0.0,0.0,0,0.0,0.0
30,Adam Trautman,NO,TE,0.0,0,0.0,38.6,391.6,3.3,0.6,0.0,0.0,0,0.0,0.0
31,Harrison Bryant,CLE,TE,0.0,0,0.0,29.5,324.1,4.0,0.1,0.0,0.0,0,0.0,0.0
32,Foster Moreau,LV,TE,0.0,0,0.0,22.7,278.1,3.2,0.1,0.0,0.0,0,0.0,0.0
33,Dan Arnold,JAC,TE,0.0,0,0.0,30.0,354.5,1.7,0.7,0.0,0.0,0,0.0,0.0
34,Paul Quessenberry,HOU,TE,0.0,0,0.0,35.0,336.0,2.0,1.0,0.0,0.0,0,0.0,0.0
35,Geoff Swaim,TEN,TE,0.0,0,0.0,29.7,245.3,2.9,0.1,0.0,0.0,0,0.0,0.0
36,Jonnu Smith,NE,TE,0.0,0,0.0,28.2,300.8,2.0,0.1,0.0,0.0,0,0.0,0.0
37,James O'Shaughnessy,CHI,TE,0.0,0,0.0,29.6,320.4,1.4,0.1,0.0,0.0,0,0.0,0.0
38,O.J. Howard,BUF,TE,0.0,0,0.0,25.3,283.2,2.0,0.1,0.0,0.0,0,0.0,0.0
39,Ricky Seals-Jones,NYG,TE,0.0,0,0.0,27.7,263.7,2.4,0.1,0.0,0.0,0,0.0,0.0
40,John Bates,WAS,TE,0.0,0,0.0,24.7,300.3,1.6,0.1,0.0,0.0,0,0.0,0.0
41,Donald Parham Jr.,LAC,TE,0.0,0,0.0,22.1,225.1,2.8,0.1,0.0,0.0,0,0.0,0.0
42,Tyler Conklin,NYJ,TE,0.0,0,0.0,30.3,296.5,1.6,0.1,0.0,0.0,0,0.0,0.0
43,Tommy Tremble,CAR,TE,0.0,0,0.0,27.8,278.8,1.6,0.1,0.0,0.0,0,0.0,0.0
44,Maxx Williams,ARI,TE,0.0,0,0.0,26.3,282.7,1.5,0.1,0.0,0.0,0,0.0,0.0
45,Jordan Akins,NYG,TE,0.0,0,0.0,29.4,275.0,1.5,0.6,0.0,0.0,0,0.0,0.0
46,Cade Otton,TB,TE,0.0,0,0.0,22.4,235.5,1.9,0.1,0.0,0.0,0,0.0,0.0
47,Kendall Blanton,LAR,TE,0.0,0,0.0,22.4,238.1,1.9,0.5,0.0,0.0,0,0.0,0.0
48,Kylen Granson,IND,TE,0.0,0,0.0,21.9,226.8,1.9,0.2,0.0,0.0,0,0.0,0.0
49,Will Dissly,SEA,TE,0.0,0,0.0,22.3,231.3,1.5,0.1,0.0,0.0,0,0.0,0.0
50,Anthony Firkser,ATL,TE,0.0,0,0.0,28.9,244.8,1.4,0.6,0.0,0.0,0,0.0,0.0
51,Pharaoh Brown,HOU,TE,0.0,0,0.0,28.8,249.9,1.1,0.6,0.0,0.0,0,0.0,0.0
52,Ian Thomas,CAR,TE,0.0,0,0.0,21.8,208.2,1.0,0.1,0.0,0.0,0,0.0,0.0
53,Brock Wright,DET,TE,0.0,0,0.0,16.3,154.2,1.8,0.0,0.0,0.0,0,0.0,0.0
54,Marcedes Lewis,GB,TE,0.0,0,0.0,17.6,162.4,1.4,0.5,0.0,0.0,0,0.0,0.0
55,Ryan Izzo,TEN,TE,0.0,0,0.0,11.0,162.0,1.0,0.0,0.0,0.0,0,0.0,0.0
56,Josiah Deguara,GB,TE,0.0,0,0.0,13.3,139.0,1.3,0.1,0.0,0.0,0,0.0,0.0
57,Nick Boyle,BAL,TE,0.0,0,0.0,13.5,124.3,1.3,0.0,0.0,0.0,0,0.0,0.0
58,Ko Kieft,TB,TE,0.0,0,0.0,13.5,138.0,1.1,0.0,0.0,0.0,0,0.0,0.0
59,Durham Smythe,MIA,TE,0.0,0,0.0,15.1,155.9,0.7,0.0,0.0,0.0,0,0.0,0.0
60,Brycen Hopkins,LAR,TE,0.0,0,0.0,12.0,138.0,1.0,0.0,0.0,0.0,0,0.0,0.0
61,Ryan Griffin,CHI,TE,0.0,0,0.0,12.7,127.5,1.2,0.0,0.0,0.0,0,0.0,0.0
62,Matt Bushman,KC,TE,0.0,0,0.0,14.0,136.0,1.0,0.0,0.0,0.0,0,0.0,0.0
63,Kyle Markway,LAR,TE,0.0,0,0.0,12.0,132.0,1.0,0.0,0.0,0.0,0,0.0,0.0
64,Kenny Yeboah,NYJ,TE,0.0,0,0.0,11.0,130.0,1.0,0.0,0.0,0.0,0,0.0,0.0
65,Nick Eubanks,CIN,TE,0.0,0,0.0,12.0,127.0,1.0,0.0,0.0,0.0,0,0.0,0.0
66,Stephen Anderson,ARI,TE,0.0,0,0.0,12.0,124.0,1.0,0.0,0.0,0.0,0,0.0,0.0
67,Nick Muse,MIN,TE,0.0,0,0.0,12.0,122.0,1.0,0.0,0.0,0.0,0,0.0,0.0
68,Greg Dulcich,DEN,TE,0.0,0,0.0,11.8,118.5,1.1,0.0,0.0,0.0,0,0.0,0.0
69,Chris Manhertz,JAC,TE,0.0,0,0.0,9.8,104.9,1.3,0.0,0.0,0.0,0,0.0,0.0
70,Jelani Woods,IND,TE,0.0,0,0.0,11.3,115.5,1.1,0.0,0.0,0.0,0,0.0,0.0
71,Jesper Horsted,CHI,TE,0.0,0,0.0,10.0,115.0,1.0,0.0,0.0,0.0,0,0.0,0.0
72,Alize Mack,GB,TE,0.0,0,0.0,11.0,114.0,1.0,0.0,0.0,0.0,0,0.0,0.0
73,Noah Gray,KC,TE,0.0,0,0.0,10.7,102.8,1.2,0.1,0.0,0.0,0,0.0,0.0
74,Trey McBride,ARI,TE,0.0,0,0.0,23.3,133.5,0.8,0.5,0.0,0.0,0,0.0,0.0
75,Blake Bell,KC,TE,0.0,0,0.0,13.3,117.3,0.9,0.0,0.0,0.0,0,0.0,0.0
76,Garrett Griffin,DET,TE,0.0,0,0.0,12.0,100.0,1.0,0.0,0.0,0.0,0,0.0,0.0
77,Connor Heyward,PIT,TE,0.0,0,0.0,11.5,115.7,0.7,0.1,0.0,0.0,0,0.0,0.0
78,Tyree Jackson,PHI,TE,0.0,0,0.0,9.7,100.0,1.0,0.1,0.0,0.0,0,0.0,0.0
79,Nick Vannett,NO,TE,0.0,0,0.0,10.1,109.9,0.8,0.1,0.0,0.0,0,0.0,0.0
80,Josh Oliver,BAL,TE,0.0,0,0.0,11.0,91.0,1.0,0.0,0.0,0.0,0,0.0,0.0
81,Jake Ferguson,DAL,TE,0.0,0,0.0,9.6,99.4,0.8,0.0,0.0,0.0,0,0.0,0.0
82,Jacob Harris,LAR,TE,0.0,0,0.0,9.0,96.9,0.8,0.0,0.0,0.0,0,0.0,0.0
83,Jody Fortson,KC,TE,0.0,0,0.0,8.3,89.8,0.9,0.0,0.0,0.0,0,0.0,0.0
84,Juwan Johnson,NO,TE,0.0,0,0.0,6.2,68.6,1.2,0.0,0.0,0.0,0,0.0,0.0
85,Drew Sample,CIN,TE,0.0,0,0.0,10.0,89.4,0.8,0.0,0.0,0.0,0,0.0,0.0
86,Luke Farrell,JAC,TE,0.0,0,0.0,9.8,91.1,0.8,0.0,0.0,0.0,0,0.0,0.0
87,Ben Ellefson,MIN,TE,0.0,0,0.0,7.7,81.3,0.8,0.0,0.0,0.0,0,0.0,0.0
88,Sean McKeon,DAL,TE,0.0,0,0.0,8.3,84.2,0.8,0.1,0.0,0.0,0,0.0,0.0
89,Tre' McKitty,LAC,TE,0.0,0,0.0,8.3,84.6,0.8,0.1,0.0,0.0,0,0.0,0.0
90,Tommy Hudson,TEN,TE,0.0,0,0.0,8.1,80.5,0.7,0.0,0.0,0.0,0,0.0,0.0
91,Antony Auclair,HOU,TE,0.0,0,0.0,8.6,74.8,0.7,0.0,0.0,0.0,0,0.0,0.0
92,Tommy Sweeney,BUF,TE,0.0,0,0.0,7.9,73.3,0.7,0.0,0.0,0.0,0,0.0,0.0
93,Jeremy Sprinkle,DAL,TE,0.0,0,0.0,7.5,77.6,0.6,0.0,0.0,0.0,0,0.0,0.0
94,Zach Gentry,PIT,TE,0.0,0,0.0,8.5,74.7,0.6,0.0,0.0,0.0,0,0.0,0.0
95,Jeremy Ruckert,NYJ,TE,0.0,0,0.0,7.3,73.3,0.7,0.0,0.0,0.0,0,0.0,0.0
96,Devin Asiasi,NE,TE,0.0,0,0.0,5.9,77.8,0.6,0.0,0.0,0.0,0,0.0,0.0
97,Dominique Dafney,GB,TE,0.0,0,0.0,5.3,67.1,0.7,0.0,0.0,0.0,0,0.0,0.0
98,Grant Calcaterra,PHI,TE,0.0,0,0.0,6.6,68.0,0.7,0.0,0.0,0.0,0,0.0,0.0
99,Miller Forristall,CLE,TE,0.0,0,0.0,7.1,72.2,0.6,0.1,0.0,0.0,0,0.0,0.0
100,Colby Parkinson,SEA,TE,0.0,0,0.0,7.2,72.4,0.6,0.1,0.0,0.0,0,0.0,0.0
101,Charlie Woerner,SF,TE,0.0,0,0.0,6.5,65.8,0.6,0.0,0.0,0.0,0,0.0,0.0
102,Isaiah Likely,BAL,TE,0.0,0,0.0,6.4,63.8,0.6,0.0,0.0,0.0,0,0.0,0.0
103,Hunter Long,MIA,TE,0.0,0,0.0,6.4,61.9,0.6,0.0,0.0,0.0,0,0.0,0.0
104,Cole Turner,WAS,TE,0.0,0,0.0,6.4,61.8,0.6,0.0,0.0,0.0,0,0.0,0.0
105,Teagan Quitoriano,HOU,TE,0.0,0,0.0,6.5,60.5,0.6,0.0,0.0,0.0,0,0.0,0.0
106,Andrew Ogletree,IND,TE,0.0,0,0.0,5.8,59.2,0.6,0.0,0.0,0.0,0,0.0,0.0
107,Ross Dwelley,SF,TE,0.0,0,0.0,6.3,60.1,0.5,0.0,0.0,0.0,0,0.0,0.0
108,Johnny Mundt,MIN,TE,0.0,0,0.0,5.6,57.0,0.5,0.0,0.0,0.0,0,0.0,0.0
109,Charlie Kolar,BAL,TE,0.0,0,0.0,5.2,54.6,0.5,0.0,0.0,0.0,0,0.0,0.0
110,Daniel Bellinger,NYG,TE,0.0,0,0.0,5.8,58.8,0.4,0.0,0.0,0.0,0,0.0,0.0
111,Parker Hesse,ATL,TE,0.0,0,0.0,5.3,54.0,0.4,0.0,0.0,0.0,0,0.0,0.0
112,Codey McElroy,TB,TE,0.0,0,0.0,4.4,46.5,0.4,0.0,0.0,0.0,0,0.0,0.0
113,Adam Shaheen,MIA,TE,0.0,0,0.0,3.9,38.2,0.5,0.0,0.0,0.0,0,0.0,0.0
114,Hunter Kampmoyer,LAC,TE,0.0,0,0.0,3.9,40.1,0.4,0.0,0.0,0.0,0,0.0,0.0
115,Eric Tomlinson,DEN,TE,0.0,0,0.0,3.5,36.8,0.3,0.0,0.0,0.0,0,0.0,0.0
116,Mitchell Wilcox,CIN,TE,0.0,0,0.0,3.6,36.5,0.3,0.0,0.0,0.0,0,0.0,0.0
117,Jack Stoll,PHI,TE,0.0,0,0.0,3.4,33.6,0.3,0.0,0.0,0.0,0,0.0,0.0
118,Sammis Reyes,WAS,TE,0.0,0,0.0,3.4,35.4,0.3,0.0,0.0,0.0,0,0.0,0.0
119,Stephen Sullivan,CAR,TE,0.0,0,0.0,3.7,36.9,0.2,0.0,0.0,0.0,0,0.0,0.0
120,Tyler Mabry,SEA,TE,0.0,0,0.0,3.6,36.3,0.2,0.0,0.0,0.0,0,0.0,0.0
121,Zach Davidson,MIN,TE,0.0,0,0.0,1.8,18.8,0.2,0.0,0.0,0.0,0,0.0,0.0
122,Shane Zylstra,DET,TE,0.0,0,0.0,1.8,18.1,0.2,0.0,0.0,0.0,0,0.0,0.0
123,Chris Myarick,NYG,TE,0.0,0,0.0,1.9,18.4,0.1,0.0,0.0,0.0,0,0.0,0.0
124,Chigoziem Okonkwo,TEN,TE,0.0,0,0.0,1.7,17.8,0.1,0.0,0.0,0.0,0,0.0,0.0
125,Jacob Hollister,LV,TE,0.0,0,0.0,1.8,16.7,0.2,0.0,0.0,0.0,0,0.0,0.0
126,John FitzPatrick,ATL,TE,0.0,0,0.0,1.7,17.3,0.1,0.0,0.0,0.0,0,0.0,0.0
127,0,0,TE,0.0,0,0.0,0.0,0,0.0,0.0,0.0,0.0,0,0.0,0.0
128,0,0,TE,0.0,0,0.0,0.0,0,0.0,0.0,0.0,0.0,0,0.0,0.0
